{"cameraMode":{"drawMode":0,"name":"Shaded","section":"Shading Mode"},"sceneLighting":true,"audioPlay":false,"sceneViewState":{"showFog":true,"showMaterialUpdate":false,"showSkybox":true,"showFlares":true,"showImageEffects":true,"showParticleSystems":true},"in2DMode":false,"pivot":{"x":359.8336181640625,"y":20.199996948242189,"z":0.0},"rotation":{"x":-0.0011899493401870132,"y":-0.010503916069865227,"z":-0.000012444933418009896,"w":0.999945342540741},"size":403.94244384765627,"orthographic":true}